second,raw_db,output_db,reduction,active_blocks,doubletalk_blocks,missing,bypass,linear_only,delay,linear_reduction
0.096,-20.81,-22.82,2.00,5,0,2048,4,0,19.98,1.89
0.203,-20.40,-32.11,11.71,10,0,2048,5,0,19.98,3.95
0.309,-23.76,-24.47,0.70,10,0,2048,22,0,4.96,0.92
0.416,-22.84,-27.50,4.65,10,0,2048,27,0,20.00,0.93
0.523,-24.03,-27.17,3.14,10,0,2048,35,0,20.00,1.37
0.629,-24.12,-27.34,3.22,10,0,2048,48,0,20.00,0.59
0.736,-20.63,-24.50,3.87,10,0,2048,59,0,20.00,1.00
0.843,-22.58,-28.13,5.56,10,0,2048,63,0,20.00,0.95
0.949,-24.50,-29.31,4.81,10,0,2048,67,0,20.00,1.70
1.056,-24.60,-37.30,12.70,10,0,2048,68,0,20.00,2.57
1.163,-24.22,-32.43,8.21,10,0,2048,72,0,20.00,1.73
1.269,-23.19,-25.22,2.03,10,0,2048,79,0,20.00,3.77
1.376,-23.25,-39.90,16.65,10,0,2048,81,0,23.83,3.31
1.483,-22.68,-31.46,8.78,10,0,2048,82,0,23.83,3.72
1.589,-24.41,-59.96,35.55,10,0,2048,82,0,23.83,6.15
1.696,-21.19,-31.29,10.10,10,0,2048,83,0,23.83,3.76
1.803,-23.64,-55.97,32.33,10,0,2048,84,0,23.83,2.84
1.909,-23.62,-33.10,9.48,10,0,2048,85,0,23.83,4.67
2.016,-24.68,-58.75,34.06,10,0,2048,85,0,23.83,4.73
2.123,-23.39,-60.17,36.78,10,0,2048,85,0,23.83,6.29
2.229,-23.12,-58.25,35.12,10,0,2048,85,0,23.83,4.98
2.336,-23.60,-29.95,6.35,10,0,2048,85,5,23.83,2.90
2.443,-21.50,-29.37,7.87,10,0,2048,85,7,23.83,2.89
2.549,-21.17,-26.38,5.22,10,0,2048,85,13,23.83,1.89
2.656,-21.76,-30.92,9.16,10,0,2048,85,16,23.83,2.14
2.763,-23.65,-34.27,10.62,10,0,2048,85,17,23.83,2.51
2.870,-23.99,-37.20,13.22,10,0,2048,85,18,23.83,2.83
2.976,-26.67,-34.85,8.18,10,0,2048,85,20,23.83,3.22
3.083,-23.23,-34.19,10.96,10,0,2048,85,23,23.83,4.12
3.189,-25.06,-32.82,7.76,10,0,2048,85,27,23.83,3.11
3.296,-25.33,-32.15,6.81,10,0,2048,85,29,23.83,2.67
3.403,-21.43,-42.44,21.00,10,0,2048,85,29,23.83,2.15
3.509,-21.04,-28.79,7.75,10,0,2048,85,34,23.83,1.51
3.616,-20.18,-47.46,27.28,10,0,2048,85,34,23.83,5.14
3.723,-19.99,-55.72,35.73,10,0,2048,85,34,23.83,5.22
3.830,-21.11,-55.36,34.25,10,0,2048,85,34,23.83,5.06
3.936,-25.16,-40.18,15.02,10,0,2048,85,35,23.83,4.42
4.043,-23.80,-53.41,29.61,10,0,2048,85,35,23.83,5.13
4.150,-22.12,-36.71,14.59,10,0,2048,85,36,23.83,2.27
4.256,-23.30,-40.13,16.83,10,0,2048,85,36,23.81,2.93
4.363,-24.53,-57.06,32.53,10,0,2048,85,36,23.81,3.54
4.469,-24.37,-58.93,34.56,10,0,2048,85,36,23.81,4.27
4.576,-21.70,-56.97,35.27,10,0,2048,85,36,23.81,4.53
4.683,-21.52,-57.33,35.82,10,0,2048,85,36,23.81,5.46
4.790,-19.21,-57.25,38.04,10,0,2048,85,36,23.81,8.08
4.896,-18.50,-55.69,37.19,10,0,2048,85,36,23.81,8.04
5.003,-21.74,-33.59,11.85,10,0,2048,85,38,23.81,3.76
5.109,-22.14,-54.51,32.37,10,0,2048,85,38,23.79,4.15
5.216,-22.26,-40.05,17.79,10,0,2048,85,39,23.79,3.64
5.323,-24.49,-42.84,18.35,10,0,2048,85,39,23.81,4.85
5.429,-21.38,-39.07,17.69,10,0,2048,85,40,23.81,5.67
5.536,-24.64,-39.43,14.79,10,0,2048,85,41,23.71,3.56
5.643,-22.68,-42.40,19.72,10,0,2048,85,41,23.71,5.06
5.749,-23.54,-35.64,12.09,10,0,2048,85,43,23.71,4.02
5.856,-24.51,-33.76,9.25,10,0,2048,85,46,23.71,2.64
5.963,-21.39,-37.06,15.67,10,0,2048,85,46,23.71,3.41
6.070,-20.11,-56.66,36.55,10,0,2048,85,46,23.71,7.42
6.176,-20.57,-57.55,36.98,10,0,2048,85,46,23.71,6.75
6.283,-20.21,-54.32,34.12,10,0,2048,85,46,23.71,4.36
6.390,-20.58,-58.58,38.00,10,0,2048,85,46,23.71,8.48
6.496,-22.62,-31.70,9.08,10,0,2048,85,50,23.71,3.66
6.603,-26.09,-38.54,12.45,10,0,2048,85,50,23.71,5.19
6.710,-28.69,-63.72,35.03,10,0,2048,85,50,23.71,5.81
6.816,-29.83,-65.32,35.49,10,0,2048,85,50,23.71,6.14
6.923,-26.03,-37.89,11.87,10,0,2048,85,52,23.71,3.60
7.030,-24.30,-49.82,25.52,10,0,2048,85,52,23.71,5.86
7.136,-24.46,-36.79,12.33,10,0,2048,85,54,23.71,4.03
7.243,-22.20,-42.70,20.51,10,0,2048,85,54,23.71,4.92
7.350,-23.10,-41.82,18.72,10,0,2048,85,55,23.71,4.53
7.456,-22.86,-30.95,8.09,10,0,2048,85,58,23.71,2.91
7.563,-22.42,-30.67,8.26,10,0,2048,85,64,23.71,2.44
7.670,-22.59,-36.69,14.10,10,0,2048,85,65,23.71,2.91
7.776,-24.33,-57.07,32.74,10,0,2048,85,65,23.71,4.63
7.883,-24.68,-37.61,12.93,10,0,2048,85,66,23.71,3.88
7.990,-23.20,-53.14,29.94,10,0,2048,85,66,23.71,5.72
8.096,-23.72,-61.12,37.39,10,0,2048,85,66,23.71,8.30
8.203,-22.61,-59.09,36.48,10,0,2048,85,66,23.71,5.87
8.310,-23.00,-59.53,36.53,10,0,2048,85,66,23.71,5.18
8.416,-25.07,-59.85,34.79,10,0,2048,85,66,23.71,5.78
8.523,-24.80,-60.47,35.66,10,0,2048,85,66,23.71,5.50
8.630,-24.99,-59.33,34.33,10,0,2048,85,66,23.71,4.76
8.736,-25.19,-61.79,36.60,10,0,2048,85,66,23.71,6.45
8.843,-25.07,-60.28,35.21,10,0,2048,85,66,23.71,5.10
8.950,-25.36,-60.39,35.03,10,0,2048,85,66,23.71,5.99
9.056,-25.84,-61.17,35.33,10,0,2048,85,66,23.71,5.63
9.163,-23.69,-38.25,14.56,10,0,2048,85,68,23.71,4.50
9.270,-22.53,-56.45,33.92,10,0,2048,85,68,23.71,4.53
9.376,-23.06,-58.60,35.54,10,0,2048,85,68,23.71,5.13
9.483,-25.94,-60.49,34.56,10,0,2048,85,68,23.71,4.42
9.590,-23.31,-40.91,17.60,10,0,2048,85,69,23.71,5.33
9.696,-21.52,-46.61,25.09,10,0,2048,85,69,23.71,5.31
9.803,-24.00,-36.99,12.99,10,0,2048,85,71,23.71,2.90
9.910,-26.52,-35.43,8.91,10,0,2048,85,72,23.71,2.44
10.017,-26.80,-58.88,32.08,10,0,2048,85,72,23.71,2.87
10.123,-24.24,-60.15,35.91,10,0,2048,85,72,23.71,4.82
10.230,-23.53,-56.73,33.21,10,0,2048,85,72,23.71,4.30
10.336,-23.87,-35.07,11.20,10,0,2048,85,74,23.71,3.31
10.443,-25.53,-57.92,32.39,10,0,2048,85,75,23.71,3.59
10.550,-21.33,-31.96,10.63,10,0,2048,85,78,23.62,6.60
10.656,-24.09,-53.71,29.62,10,0,2048,85,78,23.62,4.70
10.763,-24.62,-59.84,35.22,10,0,2048,85,78,23.62,5.51
10.870,-25.04,-40.36,15.32,10,0,2048,85,79,23.62,4.53
10.976,-23.45,-56.06,32.61,10,0,2048,85,79,23.62,3.50
11.083,-17.06,-57.83,40.77,10,0,2048,85,79,23.62,9.97
11.190,-23.49,-40.81,17.32,10,0,2048,85,80,23.62,6.46
11.296,-21.80,-38.05,16.25,10,0,2048,85,81,23.62,5.44
11.403,-21.69,-57.45,35.77,10,0,2048,85,81,23.62,5.95
11.510,-19.11,-59.11,40.00,10,0,2048,85,81,23.62,8.94
11.617,-18.97,-57.05,38.08,10,0,2048,85,81,23.62,7.12
11.723,-19.02,-59.89,40.87,10,0,2048,85,81,23.62,10.85
11.830,-19.87,-61.71,41.84,10,0,2048,85,81,23.62,10.71
11.936,-25.02,-40.62,15.60,10,0,2048,85,82,23.62,5.63
12.043,-24.67,-34.82,10.15,10,0,2048,85,84,23.62,4.86
12.150,-23.98,-58.53,34.56,10,0,2048,85,84,23.62,5.78
12.256,-29.02,-61.88,32.86,10,0,2048,85,84,23.62,4.94
12.363,-28.25,-64.31,36.06,10,0,2048,85,84,23.62,6.43
12.470,-26.22,-62.53,36.31,10,0,2048,85,84,23.62,6.35
12.576,-28.02,-63.46,35.44,10,0,2048,85,84,23.62,7.62
12.683,-25.28,-40.06,14.78,10,0,2048,85,85,23.62,5.86
12.790,-25.17,-55.17,30.00,10,0,2048,85,85,23.62,8.39
12.896,-25.48,-35.28,9.80,10,0,2048,85,87,23.62,3.81
13.003,-24.54,-38.15,13.60,10,0,2048,85,88,23.62,6.08
13.110,-23.59,-42.11,18.52,10,0,2048,85,90,23.62,4.69
13.217,-26.59,-32.43,5.84,10,0,2048,85,94,23.62,3.70
13.323,-22.25,-38.88,16.63,10,0,2048,85,94,23.52,4.37
13.430,-25.60,-60.02,34.42,10,0,2048,85,94,23.52,4.99
13.537,-22.02,-59.40,37.39,10,0,2048,85,94,23.54,7.37
13.643,-20.21,-60.77,40.57,10,0,2048,85,94,23.54,11.05
13.750,-20.90,-58.86,37.96,10,0,2048,85,94,23.54,7.10
13.857,-18.98,-57.82,38.84,10,0,2048,85,94,23.54,7.00
13.963,-18.09,-56.05,37.97,10,0,2048,85,94,23.54,7.09
14.070,-23.29,-57.02,33.73,10,0,2048,85,94,23.54,4.64
14.177,-23.84,-58.23,34.38,10,0,2048,85,94,23.54,4.16
14.283,-22.75,-55.75,33.00,10,0,2048,85,94,23.44,4.41
14.390,-26.09,-34.94,8.85,10,0,2048,85,97,23.44,3.51
14.497,-22.58,-45.58,23.00,10,0,2048,85,97,23.46,5.87
14.603,-25.04,-59.57,34.53,10,0,2048,85,97,23.46,5.27
14.710,-24.50,-39.29,14.79,10,0,2048,85,98,23.46,5.57
14.817,-23.39,-59.95,36.56,10,0,2048,85,98,23.46,6.36
14.923,-24.95,-62.18,37.23,10,0,2048,85,98,23.46,7.26
15.030,-23.32,-59.74,36.41,10,0,2048,85,98,23.46,7.14
15.137,-23.96,-60.40,36.44,10,0,2048,85,98,23.46,6.77
15.243,-25.25,-42.03,16.78,10,0,2048,85,99,23.44,4.83
15.350,-23.75,-55.54,31.78,10,0,2048,85,99,23.44,6.32
15.457,-22.72,-59.52,36.81,10,0,2048,85,99,23.44,7.71
15.563,-23.66,-60.29,36.63,10,0,2048,85,99,23.44,7.55
15.670,-22.16,-59.46,37.30,10,0,2048,85,99,23.44,7.19
15.777,-23.32,-59.53,36.21,10,0,2048,85,99,23.44,7.41
15.883,-24.77,-39.83,15.06,10,0,2048,85,100,23.44,5.23
15.990,-26.72,-41.31,14.58,10,0,2048,85,101,23.44,4.53
16.097,-24.50,-39.45,14.95,10,0,2048,85,102,23.44,3.67
16.203,-26.01,-38.19,12.18,10,0,2048,85,105,23.44,3.95
16.310,-28.67,-36.28,7.61,10,0,2048,85,107,23.44,4.04
16.417,-23.23,-33.64,10.41,10,0,2048,85,109,23.44,4.05
16.523,-21.77,-53.23,31.46,10,0,2048,85,109,23.44,6.46
16.630,-22.70,-59.02,36.32,10,0,2048,85,109,23.44,6.13
16.737,-21.16,-57.61,36.45,10,0,2048,85,109,23.44,6.66
16.843,-24.86,-56.30,31.45,10,0,2048,85,110,23.44,3.80
16.950,-24.11,-41.37,17.25,10,0,2048,85,110,23.44,4.77
17.057,-22.15,-59.06,36.91,10,0,2048,85,110,23.44,7.06
17.163,-20.40,-56.98,36.57,10,0,2048,85,110,23.44,6.11
17.270,-19.98,-57.55,37.57,10,0,2048,85,110,23.44,8.06
17.377,-21.17,-57.98,36.81,10,0,2048,85,110,23.44,5.54
17.483,-25.72,-60.48,34.76,10,0,2048,85,110,23.44,5.31
17.590,-25.26,-58.11,32.85,10,0,2048,85,110,23.44,3.23
17.697,-25.17,-58.31,33.14,10,0,2048,85,110,23.44,3.64
17.803,-24.89,-59.63,34.74,10,0,2048,85,110,23.44,5.45
17.910,-25.20,-60.91,35.71,10,0,2048,85,110,23.44,6.57
18.017,-24.15,-61.57,37.42,10,0,2048,85,110,23.44,6.70
18.123,-23.84,-59.90,36.06,10,0,2048,85,110,23.44,5.93
18.230,-22.61,-38.43,15.83,10,0,2048,85,111,23.44,4.48
18.337,-24.98,-40.85,15.86,10,0,2048,85,112,23.44,5.98
18.443,-21.64,-56.53,34.89,10,0,2048,85,112,24.96,4.67
18.550,-24.57,-37.63,13.06,10,0,2048,85,113,24.96,4.38
18.657,-24.22,-40.61,16.39,10,0,2048,85,114,23.33,6.25
18.763,-23.47,-62.53,39.07,10,0,2048,85,114,23.33,9.14
18.870,-22.98,-58.78,35.80,10,0,2048,85,114,23.33,5.69
18.977,-22.70,-60.05,37.36,10,0,2048,85,114,23.33,6.84
19.083,-23.21,-59.44,36.22,10,0,2048,85,114,23.33,5.96
19.190,-20.44,-57.74,37.30,10,0,2048,85,114,23.33,7.29
19.297,-23.07,-57.11,34.04,10,0,2048,85,114,23.33,3.84
19.403,-23.47,-55.97,32.50,10,0,2048,85,114,23.33,3.20
19.510,-23.36,-37.36,13.99,10,0,2048,85,115,23.33,4.16
19.617,-23.47,-55.92,32.45,10,0,2048,85,115,23.33,3.51
19.723,-23.12,-57.95,34.83,10,0,2048,85,115,23.33,4.61
19.830,-24.33,-60.96,36.63,10,0,2048,85,115,23.33,7.14
19.937,-23.86,-58.06,34.19,10,0,2048,85,115,23.33,4.84
20.043,-27.29,-41.89,14.60,10,0,2048,85,116,23.29,4.35
20.150,-22.05,-54.39,32.34,10,0,2048,85,116,23.29,4.15
20.257,-21.94,-56.84,34.90,10,0,2048,85,116,23.29,4.21
20.363,-21.78,-56.08,34.30,10,0,2048,85,116,23.29,4.95
20.470,-20.75,-59.11,38.35,10,0,2048,85,116,23.29,8.22
20.577,-21.38,-38.96,17.58,10,0,2048,85,117,23.29,4.82
20.683,-23.24,-34.84,11.60,10,0,2048,85,119,23.29,5.30
20.790,-20.17,-55.99,35.82,10,0,2048,85,119,23.29,7.01
20.897,-16.91,-57.76,40.85,10,0,2048,85,119,23.29,11.53
21.003,-21.71,-57.58,35.87,10,0,2048,85,119,23.29,6.11
21.110,-19.37,-56.87,37.51,10,0,2048,85,119,23.29,7.26
21.217,-24.02,-59.88,35.86,10,0,2048,85,119,23.29,6.47
21.323,-25.00,-59.37,34.37,10,0,2048,85,119,23.29,4.86
21.430,-25.91,-62.80,36.89,10,0,2048,85,119,23.29,7.27
21.537,-29.80,-37.97,8.17,10,0,2048,85,122,23.21,3.28
21.644,-30.06,-41.04,10.97,10,0,2048,85,123,23.21,3.76
21.750,-23.74,-63.64,39.90,10,0,2048,85,123,23.21,8.73
21.857,-21.54,-59.42,37.88,10,0,2048,85,123,23.21,7.52
21.964,-24.47,-59.94,35.47,10,0,2048,85,123,23.21,5.17
22.070,-22.11,-58.47,36.36,10,0,2048,85,123,23.21,7.26
22.177,-32.63,-43.87,11.24,10,0,2048,85,127,23.21,2.98
22.283,-36.30,-37.80,1.50,10,0,2048,85,143,23.21,0.47
22.390,-33.11,-34.67,1.56,10,0,2048,85,160,23.21,0.49
22.497,-19.73,-32.67,12.95,10,0,2048,85,168,23.21,6.84
22.604,-17.69,-58.48,40.79,10,0,2048,85,168,23.21,13.35
22.710,-17.70,-61.37,43.66,10,0,2048,85,168,23.21,13.71
22.817,-17.84,-59.05,41.21,10,0,2048,85,168,23.21,13.23
22.924,-29.30,-36.12,6.82,10,0,2048,85,172,23.21,4.22
23.030,-29.40,-56.28,26.87,10,0,2048,85,172,23.21,5.71
23.137,-21.47,-60.31,38.83,10,0,2048,85,172,23.21,7.43
23.244,-24.61,-37.15,12.53,10,0,2048,85,173,23.21,3.54
23.350,-23.07,-48.91,25.84,10,0,2048,85,173,23.21,5.44
23.457,-25.80,-60.79,34.99,10,0,2048,85,173,23.21,4.87
23.564,-26.79,-41.86,15.07,10,0,2048,85,174,23.21,4.11
23.670,-35.05,-44.08,9.02,10,0,2048,85,177,23.21,2.72
23.777,-22.29,-39.43,17.14,10,0,2048,85,178,23.21,4.37
23.884,-19.63,-57.64,38.01,10,0,2048,85,178,23.19,7.30
23.990,-21.10,-58.13,37.03,10,0,2048,85,178,23.19,7.45
24.097,-24.48,-57.65,33.17,10,0,2048,85,178,23.19,4.35
24.204,-23.34,-57.99,34.65,10,0,2048,85,178,23.19,6.04
24.310,-21.64,-58.63,36.99,10,0,2048,85,178,23.19,7.62
24.417,-19.27,-59.90,40.64,10,0,2048,85,178,23.19,10.92
24.524,-17.56,-55.48,37.93,10,0,2048,85,178,23.19,7.48
24.630,-22.22,-32.65,10.43,10,0,2048,85,180,23.19,3.72
24.737,-22.56,-34.64,12.08,10,0,2048,85,182,23.19,4.42
24.844,-23.48,-57.31,33.84,10,0,2048,85,182,23.19,4.78
24.950,-22.44,-58.07,35.63,10,0,2048,85,182,23.19,5.43
25.057,-23.32,-41.04,17.72,10,0,2048,85,183,23.19,4.19
25.164,-22.32,-33.75,11.43,10,0,2048,85,186,23.19,4.22
25.270,-20.30,-56.14,35.85,10,0,2048,85,186,23.19,7.39
25.377,-20.71,-58.58,37.87,10,0,2048,85,186,23.19,8.21
25.484,-23.56,-58.79,35.24,10,0,2048,85,186,23.19,5.51
25.590,-25.91,-37.56,11.65,10,0,2048,85,188,23.19,4.20
25.697,-23.17,-53.19,30.02,10,0,2048,85,188,23.19,5.06
25.804,-24.69,-40.37,15.67,10,0,2048,85,189,23.19,4.99
25.910,-26.29,-35.71,9.42,10,0,2048,85,191,23.19,3.50
26.017,-26.60,-38.63,12.03,10,0,2048,85,193,23.19,3.22
26.124,-23.70,-45.45,21.75,10,0,2048,85,193,23.10,6.07
26.230,-26.18,-45.90,19.72,10,0,2048,85,194,23.10,3.28
26.337,-24.57,-30.84,6.26,10,0,2048,85,199,23.10,1.84
26.444,-24.30,-32.85,8.56,10,0,2048,85,202,23.12,4.14
26.550,-29.13,-40.07,10.94,10,0,2048,85,206,23.12,3.33
26.657,-23.85,-39.30,15.45,10,0,2048,85,207,23.10,4.61
26.764,-24.48,-41.52,17.04,10,0,2048,85,208,23.10,4.97
26.870,-28.82,-40.43,11.61,10,0,2048,85,210,23.10,5.12
26.977,-25.48,-37.21,11.74,10,0,2048,85,212,23.10,4.24
27.084,-24.82,-57.57,32.74,10,0,2048,85,212,23.10,5.03
27.190,-26.25,-60.18,33.93,10,0,2048,85,212,23.10,4.34
27.297,-24.16,-37.97,13.81,10,0,2048,85,214,23.10,5.76
27.404,-18.76,-42.70,23.94,10,0,2048,85,214,23.10,5.15
27.510,-20.37,-56.21,35.84,10,0,2048,85,214,23.10,8.05
27.617,-22.49,-57.01,34.52,10,0,2048,85,214,23.10,4.58
27.724,-24.23,-57.33,33.10,10,0,2048,85,214,23.10,4.25
27.830,-25.44,-56.67,31.23,10,0,2048,85,214,23.10,2.96
27.937,-28.07,-38.24,10.18,10,0,2048,85,217,23.02,1.39
28.044,-22.55,-40.67,18.12,10,0,2048,85,217,23.02,3.26
28.150,-23.23,-37.02,13.79,10,0,2048,85,218,23.02,3.24
28.257,-24.44,-39.94,15.50,10,0,2048,85,219,23.02,2.71
28.364,-22.20,-48.06,25.86,10,0,2048,85,219,23.02,4.78
28.470,-23.54,-55.00,31.46,10,0,2048,85,219,23.02,4.24
28.577,-22.93,-57.10,34.17,10,0,2048,85,219,23.02,5.23
28.684,-20.44,-54.09,33.65,10,0,2048,85,219,22.98,3.43
28.791,-21.38,-54.12,32.75,10,0,2048,85,219,22.98,5.21
28.897,-21.82,-56.58,34.76,10,0,2048,85,219,22.98,5.57
29.004,-26.86,-43.06,16.20,10,0,2048,85,220,22.98,3.05
29.111,-23.13,-42.01,18.88,10,0,2048,85,220,22.98,2.51
29.217,-23.74,-56.13,32.39,10,0,2048,85,220,22.96,4.72
29.324,-21.71,-58.66,36.95,10,0,2048,85,220,22.96,7.21
29.430,-22.98,-57.20,34.22,10,0,2048,85,220,22.96,5.42
29.537,-23.01,-37.07,14.06,10,0,2048,85,221,22.96,3.69
29.644,-25.21,-58.17,32.96,10,0,2048,85,222,22.96,3.55
29.751,-22.47,-37.34,14.87,10,0,2048,85,222,22.96,4.10
29.857,-27.13,-59.69,32.56,10,0,2048,85,222,22.96,3.71
29.964,-24.58,-58.75,34.17,10,0,2048,85,222,22.96,4.25
