seconds,mic_dbfs,output_dbfs,reference_dbfs,active,reduction_db,linear_db,delay_ms,double_talk,underruns
1.000,-24.41,-28.02,-16.46,1,30.73,3.30,10.67,0,1280
2.000,-23.24,-38.65,-16.37,1,33.03,4.08,10.67,0,1280
3.000,-24.23,-38.05,-16.76,1,33.06,4.85,11.81,0,1280
4.000,-23.33,-41.87,-16.23,1,33.82,4.26,11.81,0,1280
5.000,-23.23,-58.12,-15.79,1,36.13,6.51,22.54,0,1280
6.000,-23.47,-42.11,-16.48,1,32.62,3.62,22.54,0,1280
7.000,-24.26,-58.43,-16.83,1,34.34,5.78,23.71,0,1280
8.000,-24.05,-45.32,-16.27,1,33.39,5.14,23.71,0,1280
9.000,-23.73,-37.93,-16.48,1,32.58,4.53,23.58,0,1280
10.000,-23.47,-43.58,-16.22,1,31.17,3.90,23.58,0,1280
11.000,-24.07,-41.95,-16.42,1,1.61,4.94,23.58,0,1280
12.000,-23.13,-53.14,-15.71,1,36.64,7.00,23.50,0,1280
13.000,-23.54,-58.69,-16.09,1,34.05,4.51,23.50,0,1280
14.000,-24.32,-47.00,-15.43,1,32.80,6.22,23.48,0,1280
15.000,-23.43,-47.76,-15.71,1,35.82,6.84,37.33,0,1280
16.000,-23.89,-36.28,-16.41,1,31.62,3.68,37.33,0,1280
17.000,-24.10,-39.23,-16.44,1,24.76,5.66,38.17,0,1280
18.000,-25.69,-46.25,-17.91,1,17.45,5.15,37.33,0,1280
19.000,-25.27,-40.02,-18.45,1,37.11,8.38,37.33,1,1280
20.000,-25.56,-35.37,-18.37,1,35.11,6.92,37.33,0,1280
21.000,-25.32,-45.07,-18.50,1,38.25,8.42,37.33,0,1280
22.000,-25.97,-40.01,-19.25,1,39.50,11.26,37.33,0,1280
23.000,-26.31,-53.31,-20.40,1,40.15,10.84,37.33,0,1280
24.000,-24.38,-37.17,-19.72,1,0.00,0.92,37.33,0,1280
25.000,-24.67,-35.53,-19.63,1,35.10,5.55,37.33,0,1280
26.000,-24.57,-41.16,-20.02,1,40.13,10.85,37.33,0,1280
27.000,-25.44,-41.42,-20.41,1,30.52,4.48,37.33,0,1280
28.000,-25.05,-37.60,-19.88,1,37.79,7.95,37.33,0,1280
29.000,-26.83,-41.20,-19.74,1,33.59,5.59,37.33,0,1280
30.000,-23.63,-38.23,-17.55,1,38.74,9.25,37.33,0,1280
31.000,-23.52,-30.23,-17.67,1,27.09,2.93,8.67,0,1280
32.000,-24.28,-30.58,-17.59,1,17.64,2.72,8.10,0,1280
33.000,-24.27,-35.61,-18.23,1,31.99,4.89,8.10,0,1280
34.000,-24.36,-38.05,-17.73,1,33.81,4.55,8.08,0,1280
35.000,-24.31,-37.97,-18.35,1,3.66,2.59,24.38,0,1280
36.000,-25.18,-39.59,-18.89,1,28.79,3.98,23.46,0,1280
37.000,-22.33,-28.75,-18.18,1,30.53,5.78,21.90,0,1280
38.000,-23.76,-41.26,-17.45,1,31.83,5.00,24.23,0,1280
39.000,-23.76,-42.08,-17.56,1,9.08,4.15,24.23,0,1280
40.000,-23.92,-37.22,-18.37,1,33.27,6.35,21.33,0,1280
41.000,-23.90,-42.43,-17.23,1,36.36,6.62,23.62,0,1280
42.000,-24.13,-37.80,-16.77,1,34.46,5.00,23.67,0,1280
43.000,-23.20,-36.39,-16.94,1,32.30,3.56,23.50,0,1280
44.000,-24.47,-42.37,-17.19,1,34.27,4.95,23.48,0,1280
45.000,-23.71,-37.52,-17.16,1,23.17,3.00,23.48,0,1280
46.000,-24.43,-34.96,-17.15,1,31.10,4.28,23.48,0,1280
47.000,-23.79,-33.79,-17.42,1,2.47,2.45,23.48,0,1280
48.000,-24.18,-43.08,-16.67,1,33.12,4.43,23.42,0,1280
49.000,-23.45,-38.30,-17.03,1,0.22,2.45,23.42,0,1280
50.000,-24.06,-39.95,-17.21,1,4.25,3.57,37.33,0,1280
51.000,-23.42,-34.64,-17.60,1,30.51,4.75,37.33,0,1280
52.000,-23.76,-40.51,-17.23,1,31.97,3.20,37.33,0,1280
53.015,-23.28,-33.97,-17.25,1,0.61,2.02,37.33,0,1280
54.015,-23.42,-34.30,-16.39,1,5.70,1.65,37.33,0,1280
55.015,-24.45,-43.08,-17.32,1,36.84,6.97,37.33,0,1280
56.015,-25.11,-60.79,-17.68,1,35.10,5.45,37.33,0,1280
57.015,-24.85,-40.67,-17.04,1,32.05,4.99,37.33,0,1280
58.015,-25.29,-36.33,-17.31,1,33.90,4.69,37.33,0,1280
59.015,-25.32,-61.08,-16.67,1,37.33,7.48,37.33,0,1280
60.015,-26.81,-50.09,-16.87,1,37.26,7.64,37.33,0,1280
61.015,-26.02,-62.90,-16.74,1,35.90,6.47,37.33,0,1280
62.015,-26.63,-34.34,-18.25,1,0.00,3.10,37.33,0,1280
63.015,-29.29,-36.21,-20.37,1,32.87,4.63,37.33,0,1280
64.015,-27.56,-42.72,-19.25,1,29.72,3.03,37.33,0,1280
65.015,-25.46,-31.47,-17.24,1,33.03,5.49,37.33,0,1280
66.015,-25.44,-33.58,-17.62,1,35.54,6.49,37.33,0,1280
67.015,-24.88,-50.84,-17.35,1,37.67,8.22,37.33,0,1280
68.015,-26.51,-41.83,-17.08,1,33.92,4.83,37.33,0,1280
69.015,-25.57,-45.38,-17.17,1,37.18,7.72,38.00,0,1280
70.015,-24.69,-63.42,-17.16,1,39.89,10.20,37.94,0,1280
71.015,-26.26,-53.72,-17.79,1,28.95,4.07,37.94,0,1280
72.015,-28.07,-57.54,-19.57,1,37.11,8.20,37.94,0,1280
73.015,-27.12,-66.57,-20.28,1,38.29,8.37,37.88,0,1280
74.015,-29.63,-67.24,-20.95,1,37.78,8.04,37.90,0,1280
75.015,-26.78,-66.37,-20.14,1,40.41,10.45,37.90,0,1280
76.015,-28.77,-66.57,-20.40,1,39.70,9.73,37.88,0,1280
77.015,-27.27,-66.12,-20.14,1,36.29,6.92,37.85,0,1280
78.015,-27.76,-67.18,-20.48,1,42.54,12.65,37.85,0,1280
79.015,-27.35,-61.24,-19.16,1,36.06,7.54,38.23,0,1280
80.015,-26.83,-35.91,-19.59,1,36.79,7.64,1.08,0,1280
81.015,-29.11,-35.86,-20.40,1,0.00,2.89,1.08,0,1280
82.015,-26.65,-41.94,-19.65,1,35.24,6.01,1.08,0,1280
83.015,-28.53,-43.38,-20.13,1,39.17,9.35,1.08,0,1280
84.015,-25.87,-31.96,-19.60,1,40.10,10.18,1.08,1,1280
85.015,-25.60,-27.79,-19.50,1,40.10,10.18,1.08,1,1280
86.015,-23.34,-24.22,-16.17,1,40.10,10.18,1.08,1,1280
87.015,-23.00,-24.37,-16.47,1,0.00,10.18,1.08,1,1280
88.015,-28.41,-28.18,-23.24,0,0.00,10.18,1.08,0,14336
89.015,-33.37,-33.48,-200.00,0,0.00,10.18,1.08,0,62464
90.015,-32.47,-32.46,-200.00,0,0.00,10.18,1.08,0,110592
91.015,-31.02,-30.96,-200.00,0,0.00,10.18,1.08,0,158720
92.015,-33.73,-33.75,-200.00,0,0.00,10.18,1.08,0,206336
93.015,-32.70,-32.68,-200.00,0,0.00,10.18,1.08,0,254464
94.015,-33.31,-33.48,-200.00,0,0.00,10.18,1.08,0,302080
95.015,-34.24,-34.04,-200.00,0,0.00,10.18,1.08,0,350720
96.015,-33.79,-33.81,-200.00,0,0.00,10.18,1.08,0,398848
97.015,-31.74,-31.94,-200.00,0,0.00,10.18,1.08,0,446464
98.015,-34.00,-33.83,-200.00,0,0.00,10.18,1.08,0,494592
99.015,-33.17,-33.05,-200.00,0,0.00,10.18,1.08,0,542208
100.015,-30.57,-30.67,-200.00,0,0.00,10.18,1.08,0,590336
101.015,-30.07,-30.03,-200.00,0,0.00,10.18,1.08,0,638464
102.015,-29.43,-29.40,-200.00,0,0.00,10.18,1.08,0,686592
103.015,-32.60,-32.90,-200.00,0,0.00,10.18,1.08,0,734720
104.015,-30.69,-30.48,-200.00,0,0.00,10.18,1.08,0,782336
105.015,-34.40,-34.45,-200.00,0,0.00,10.18,1.08,0,830464
106.015,-32.17,-33.35,-21.01,1,3.75,0.62,10.60,0,862208
107.015,-36.51,-37.71,-48.35,0,0.00,0.00,5.33,0,879104
108.015,-29.97,-29.97,-200.00,0,0.00,0.00,5.33,0,927232
109.015,-36.97,-36.91,-200.00,0,0.00,0.00,5.33,0,975872
110.015,-31.43,-31.50,-200.00,0,0.00,0.00,5.33,0,1023488
111.015,-30.48,-30.42,-200.00,0,0.00,0.00,5.33,0,1071616
112.015,-29.52,-29.52,-22.93,1,0.00,0.11,0.25,0,1094144
113.015,-32.45,-32.46,-77.62,0,0.00,0.00,0.00,0,1117952
114.015,-31.37,-31.42,-25.23,0,0.00,0.01,23.50,0,1120768
115.015,-45.78,-45.80,-200.00,0,0.00,0.01,23.50,0,1169408
116.015,-45.45,-45.40,-200.00,0,0.00,0.01,23.50,0,1217536
117.015,-45.53,-45.61,-200.00,0,0.00,0.01,23.50,0,1265152
118.015,-45.89,-45.93,-200.00,0,0.00,0.01,23.50,0,1313280
119.015,-45.58,-45.50,-200.00,0,0.00,0.01,23.50,0,1361408
120.015,-45.25,-45.35,-200.00,0,0.00,0.01,23.50,0,1409536
121.015,-45.95,-45.83,-200.00,0,0.00,0.01,23.50,0,1457152
122.015,-45.53,-45.56,-200.00,0,0.00,0.01,23.50,0,1505280
123.015,-33.81,-34.04,-22.02,1,4.16,0.99,21.33,0,1532928
124.015,-44.90,-44.97,-62.23,0,0.00,0.03,16.00,0,1553664
125.015,-45.00,-44.92,-200.00,0,0.00,0.03,16.00,0,1601792
126.015,-37.31,-41.84,-20.90,1,0.00,0.99,21.92,0,1635072
127.015,-35.67,-37.13,-32.85,0,0.00,0.03,27.04,0,1649920
128.015,-43.57,-43.48,-200.00,0,0.00,0.03,27.04,0,1698048
129.015,-42.68,-42.79,-200.00,0,0.00,0.03,27.04,0,1746176
130.015,-33.68,-33.68,-22.59,1,0.00,0.40,21.33,0,1770240
131.015,-45.04,-44.88,-69.14,0,0.00,0.03,23.85,0,1795072
132.015,-45.15,-45.17,-200.00,0,0.00,0.03,23.85,0,1842688
133.015,-45.37,-45.35,-200.00,0,0.00,0.03,23.85,0,1890816
134.015,-44.86,-44.95,-200.00,0,0.00,0.03,23.85,0,1938432
135.015,-45.26,-45.26,-200.00,0,0.00,0.03,23.85,0,1986560
136.015,-45.53,-45.44,-200.00,0,0.00,0.03,23.85,0,2034688
137.015,-45.39,-45.45,-200.00,0,0.00,0.03,23.85,0,2082304
138.015,-45.35,-45.29,-200.00,0,0.00,0.03,23.85,0,2130944
139.015,-46.12,-46.12,-200.00,0,0.00,0.03,23.85,0,2179072
140.015,-45.33,-45.38,-200.00,0,0.00,0.03,23.85,0,2226176
141.015,-45.75,-45.65,-200.00,0,0.00,0.03,23.85,0,2274304
142.015,-46.34,-46.38,-200.00,0,0.00,0.03,23.85,0,2322944
143.015,-45.41,-45.46,-200.00,0,0.00,0.03,23.85,0,2371072
144.015,-33.98,-34.00,-200.00,0,0.00,0.03,23.85,0,2418688
145.015,-28.48,-28.50,-200.00,0,0.00,0.03,23.85,0,2466816
146.015,-31.07,-31.32,-200.00,0,0.00,0.03,23.85,0,2514432
147.015,-27.85,-27.77,-25.46,0,0.00,0.00,2.54,0,2515968
148.015,-32.26,-32.12,-200.00,0,0.00,0.00,2.54,0,2563328
149.015,-37.93,-38.09,-200.00,0,0.00,0.00,2.54,0,2610944
150.015,-28.56,-28.55,-200.00,0,0.00,0.00,2.54,0,2659072
151.015,-29.91,-30.03,-200.00,0,0.00,0.00,2.54,0,2707712
152.015,-33.30,-33.47,-200.00,0,0.00,0.00,2.54,0,2755328
153.015,-30.03,-30.04,-200.00,0,0.00,0.00,2.54,0,2803456
154.015,-30.59,-30.50,-200.00,0,0.00,0.00,2.54,0,2851584
155.015,-32.69,-32.45,-200.00,0,0.00,0.00,2.54,0,2899200
156.015,-33.25,-33.24,-200.00,0,0.00,0.00,2.54,0,2947328
157.015,-32.01,-32.09,-200.00,0,0.00,0.00,2.54,0,2994944
158.015,-27.46,-27.45,-200.00,0,0.00,0.00,2.54,0,3043072
159.015,-32.82,-32.89,-200.00,0,0.00,0.00,2.54,0,3091200
160.015,-32.65,-32.54,-200.00,0,0.00,0.00,2.54,0,3138816
161.015,-38.49,-38.45,-200.00,0,0.00,0.00,2.54,0,3187456
162.015,-34.20,-34.20,-200.00,0,0.00,0.00,2.54,0,3235584
163.015,-40.98,-40.98,-200.00,0,0.00,0.00,2.54,0,3283712
164.015,-37.69,-38.38,-200.00,0,0.00,0.00,2.54,0,3331328
165.015,-32.69,-32.83,-200.00,0,0.00,0.00,2.54,0,3379456
166.015,-32.94,-32.61,-200.00,0,0.00,0.00,2.54,0,3427072
167.015,-29.61,-29.70,-200.00,0,0.00,0.00,2.54,0,3475200
168.015,-30.18,-30.11,-200.00,0,0.00,0.00,2.54,0,3523328
169.015,-31.46,-31.42,-200.00,0,0.00,0.00,2.54,0,3570944
170.015,-30.80,-30.80,-200.00,0,0.00,0.00,2.54,0,3619072
171.015,-32.27,-32.28,-200.00,0,0.00,0.00,2.54,0,3667712
172.015,-33.03,-33.02,-200.00,0,0.00,0.00,2.54,0,3715328
173.015,-33.10,-33.10,-200.00,0,0.00,0.00,2.54,0,3762944
174.015,-40.34,-40.31,-200.00,0,0.00,0.00,2.54,0,3811072
175.015,-44.21,-44.27,-200.00,0,0.00,0.00,2.54,0,3859200
176.015,-44.98,-44.92,-200.00,0,0.00,0.00,2.54,0,3907328
177.015,-45.01,-44.94,-200.00,0,0.00,0.00,2.54,0,3955456
178.015,-45.43,-45.44,-200.00,0,0.00,0.00,2.54,0,4003584
179.015,-45.37,-45.41,-200.00,0,0.00,0.00,2.54,0,4051712
