"Time","EqCallbacks","Callbacks","Reference","Missing","NeuralState","NeuralBlocks","Error"
"2026-09-21T22:25:03.6074029+09:00","14073","129984","1","1690434","2","11585","0"
"2026-09-21T22:25:05.6285654+09:00","14276","130174","1","1690434","2","11839","0"
"2026-09-21T22:25:07.6346596+09:00","14476","130362","1","1690434","2","12089","0"
"2026-09-21T22:25:09.6463782+09:00","14678","130550","1","1690434","2","12340","0"
"2026-09-21T22:25:11.6590497+09:00","14879","130739","1","1690434","2","12591","0"
"2026-09-21T22:25:13.6696892+09:00","15080","130928","1","1690434","2","12844","0"
"2026-09-21T22:25:15.6708431+09:00","15280","131115","1","1690434","2","13093","0"
"2026-09-21T22:25:17.6730247+09:00","15480","131303","1","1690434","2","13344","0"
"2026-09-21T22:25:19.6870462+09:00","15682","131492","1","1690434","2","13596","0"
"2026-09-21T22:25:21.7018327+09:00","15883","131681","1","1690434","2","13848","0"
